<?xml version='1.0' encoding='UTF-8' standalone='no'?>
<doxygen xmlns:xsi="http://www.w3.org/2001/XMLSchema-instance" xsi:noNamespaceSchemaLocation="compound.xsd" version="1.8.20" xml:lang="en-US">
  <compounddef id="image__rw_8py" kind="file" language="Python">
    <compoundname>image_rw.py</compoundname>
    <innerclass refid="classimage__rw_1_1_image_r_w" prot="public">image_rw::ImageRW</innerclass>
    <innernamespace refid="namespaceimage__rw">image_rw</innernamespace>
    <briefdescription>
    </briefdescription>
    <detaileddescription>
    </detaileddescription>
    <programlisting>
<codeline lineno="1" refid="namespaceimage__rw" refkind="compound"><highlight class="normal"></highlight></codeline>
<codeline lineno="2"><highlight class="normal"></highlight></codeline>
<codeline lineno="3"><highlight class="normal"></highlight><highlight class="comment">#!/usr/bin/env<sp/>python</highlight><highlight class="normal"></highlight></codeline>
<codeline lineno="4"><highlight class="normal"></highlight><highlight class="comment">#<sp/>-*-<sp/>coding:<sp/>utf-8<sp/>-*-</highlight><highlight class="normal"></highlight></codeline>
<codeline lineno="5"><highlight class="normal"></highlight><highlight class="comment">#<sp/>˅</highlight><highlight class="normal"></highlight></codeline>
<codeline lineno="6"><highlight class="normal"></highlight></codeline>
<codeline lineno="7"><highlight class="normal"></highlight></codeline>
<codeline lineno="10"><highlight class="normal"></highlight></codeline>
<codeline lineno="11"><highlight class="normal"></highlight><highlight class="keyword">from</highlight><highlight class="normal"><sp/>config_reader<sp/></highlight><highlight class="keyword">import</highlight><highlight class="normal"><sp/>ConfigReader</highlight></codeline>
<codeline lineno="12"><highlight class="normal"></highlight><highlight class="keyword">import</highlight><highlight class="normal"><sp/>numpy<sp/></highlight><highlight class="keyword">as</highlight><highlight class="normal"><sp/>np</highlight></codeline>
<codeline lineno="13"><highlight class="normal"></highlight><highlight class="keyword">import</highlight><highlight class="normal"><sp/>cv2</highlight></codeline>
<codeline lineno="14"><highlight class="normal"></highlight></codeline>
<codeline lineno="15"><highlight class="normal"></highlight></codeline>
<codeline lineno="16"><highlight class="normal"></highlight></codeline>
<codeline lineno="18" refid="classimage__rw_1_1_image_r_w" refkind="compound"><highlight class="normal"></highlight><highlight class="keyword">class<sp/></highlight><highlight class="normal"><ref refid="classimage__rw_1_1_image_r_w" kindref="compound">ImageRW</ref>:</highlight></codeline>
<codeline lineno="19"><highlight class="normal"><sp/><sp/><sp/><sp/></highlight></codeline>
<codeline lineno="20"><highlight class="normal"><sp/><sp/><sp/><sp/></highlight></codeline>
<codeline lineno="23" refid="classimage__rw_1_1_image_r_w_1ab0c2513f4ef8195a69cb23b7324936e7" refkind="member"><highlight class="normal"><sp/><sp/><sp/><sp/></highlight><highlight class="keyword">def<sp/></highlight><highlight class="normal"><ref refid="classimage__rw_1_1_image_r_w_1ab0c2513f4ef8195a69cb23b7324936e7" kindref="member">__init__</ref>(self):</highlight></codeline>
<codeline lineno="24"><highlight class="normal"><sp/><sp/><sp/><sp/><sp/><sp/><sp/><sp/>self.<ref refid="classimage__rw_1_1_image_r_w_1ab34e264d4f96573361288d6304f8ff86" kindref="member">__configReader</ref><sp/>=<sp/><ref refid="classconfig__reader_1_1_config_reader" kindref="compound">ConfigReader</ref>(</highlight><highlight class="stringliteral">&quot;config.ini&quot;</highlight><highlight class="normal">)</highlight></codeline>
<codeline lineno="25" refid="classimage__rw_1_1_image_r_w_1a65b183b49cf325980427602c0ddf633c" refkind="member"><highlight class="normal"><sp/><sp/><sp/><sp/><sp/><sp/><sp/><sp/>self.<ref refid="classimage__rw_1_1_image_r_w_1a65b183b49cf325980427602c0ddf633c" kindref="member">filename</ref><sp/>=<sp/>self.<ref refid="classimage__rw_1_1_image_r_w_1ab34e264d4f96573361288d6304f8ff86" kindref="member">__configReader</ref>.<ref refid="namespaceconfig__reader_1add941a1e87e3f2b20e7a424eec796cdb" kindref="member">getIMGName</ref>()</highlight></codeline>
<codeline lineno="26" refid="classimage__rw_1_1_image_r_w_1afb0e1dc64838dfec2d0e89dfd70a2862" refkind="member"><highlight class="normal"><sp/><sp/><sp/><sp/><sp/><sp/><sp/><sp/>self.<ref refid="classimage__rw_1_1_image_r_w_1afb0e1dc64838dfec2d0e89dfd70a2862" kindref="member">img_width</ref><sp/>=<sp/>self.<ref refid="classimage__rw_1_1_image_r_w_1ab34e264d4f96573361288d6304f8ff86" kindref="member">__configReader</ref>.<ref refid="namespaceconfig__reader_1a0f1066ed7dcaf74e7e6dcc33da6dd0a5" kindref="member">getIMGWidth</ref>()</highlight></codeline>
<codeline lineno="27" refid="classimage__rw_1_1_image_r_w_1a5d609052a3dccf1f06248996b33b588b" refkind="member"><highlight class="normal"><sp/><sp/><sp/><sp/><sp/><sp/><sp/><sp/>self.<ref refid="classimage__rw_1_1_image_r_w_1a5d609052a3dccf1f06248996b33b588b" kindref="member">img_height</ref><sp/>=<sp/>self.<ref refid="classimage__rw_1_1_image_r_w_1ab34e264d4f96573361288d6304f8ff86" kindref="member">__configReader</ref>.<ref refid="namespaceconfig__reader_1aee73b96dcc17fefe0bd13d24a32e826f" kindref="member">getIMGHeight</ref>()</highlight></codeline>
<codeline lineno="28" refid="classimage__rw_1_1_image_r_w_1a83255399315ad1c49a4b1585ca0005f3" refkind="member"><highlight class="normal"><sp/><sp/><sp/><sp/><sp/><sp/><sp/><sp/>self.<ref refid="classimage__rw_1_1_image_r_w_1a83255399315ad1c49a4b1585ca0005f3" kindref="member">distance</ref><sp/>=<sp/>self.<ref refid="classimage__rw_1_1_image_r_w_1ab34e264d4f96573361288d6304f8ff86" kindref="member">__configReader</ref>.<ref refid="namespaceconfig__reader_1a9ec89050b492b2ef828a27db22f3fd45" kindref="member">getDistance</ref>()</highlight></codeline>
<codeline lineno="29" refid="classimage__rw_1_1_image_r_w_1acaef6d120a9ec32935a3f41cdf6b92dd" refkind="member"><highlight class="normal"><sp/><sp/><sp/><sp/><sp/><sp/><sp/><sp/>self.<ref refid="classimage__rw_1_1_image_r_w_1acaef6d120a9ec32935a3f41cdf6b92dd" kindref="member">projector</ref><sp/>=<sp/>self.<ref refid="classimage__rw_1_1_image_r_w_1ab34e264d4f96573361288d6304f8ff86" kindref="member">__configReader</ref>.<ref refid="namespaceconfig__reader_1a8d763691199dc6d532405189b1359830" kindref="member">getWidth</ref>()</highlight></codeline>
<codeline lineno="30" refid="classimage__rw_1_1_image_r_w_1aaf8199d8076cef776cd8732d608f8878" refkind="member"><highlight class="normal"><sp/><sp/><sp/><sp/><sp/><sp/><sp/><sp/>self.<ref refid="classimage__rw_1_1_image_r_w_1aaf8199d8076cef776cd8732d608f8878" kindref="member">originalImage</ref><sp/>=<sp/>cv2.imread(self.<ref refid="classimage__rw_1_1_image_r_w_1a65b183b49cf325980427602c0ddf633c" kindref="member">filename</ref>)</highlight></codeline>
<codeline lineno="31" refid="classimage__rw_1_1_image_r_w_1a0a285e96a34606a52c557bf611842f4c" refkind="member"><highlight class="normal"><sp/><sp/><sp/><sp/><sp/><sp/><sp/><sp/>self.<ref refid="classimage__rw_1_1_image_r_w_1a0a285e96a34606a52c557bf611842f4c" kindref="member">maskArea</ref><sp/>=<sp/>self.<ref refid="classimage__rw_1_1_image_r_w_1afb0e1dc64838dfec2d0e89dfd70a2862" kindref="member">img_width</ref><sp/>-<sp/>int(self.<ref refid="classimage__rw_1_1_image_r_w_1afb0e1dc64838dfec2d0e89dfd70a2862" kindref="member">img_width</ref>*((self.<ref refid="classimage__rw_1_1_image_r_w_1a83255399315ad1c49a4b1585ca0005f3" kindref="member">distance</ref>/2)/self.<ref refid="classimage__rw_1_1_image_r_w_1acaef6d120a9ec32935a3f41cdf6b92dd" kindref="member">projector</ref>))</highlight></codeline>
<codeline lineno="32" refid="classimage__rw_1_1_image_r_w_1a7c20bd004393d589aa1bcb4d2423170e" refkind="member"><highlight class="normal"><sp/><sp/><sp/><sp/><sp/><sp/><sp/><sp/>self.<ref refid="classimage__rw_1_1_image_r_w_1a7c20bd004393d589aa1bcb4d2423170e" kindref="member">gammaRate</ref><sp/>=<sp/>self.<ref refid="classimage__rw_1_1_image_r_w_1ab34e264d4f96573361288d6304f8ff86" kindref="member">__configReader</ref>.<ref refid="namespaceconfig__reader_1a9ceb1fc9aa6fb70ca9c27d8a051f7e2c" kindref="member">getGamma</ref>()</highlight></codeline>
<codeline lineno="33"><highlight class="normal"></highlight></codeline>
<codeline lineno="34"><highlight class="normal"></highlight></codeline>
<codeline lineno="36" refid="namespaceimage__rw_1aa760c877a2ff5504d4862fe656470f98" refkind="member"><highlight class="normal"><sp/><sp/><sp/><sp/></highlight><highlight class="keyword">def<sp/></highlight><highlight class="normal"><ref refid="namespaceimage__rw_1aa760c877a2ff5504d4862fe656470f98" kindref="member">getLeftRightImage</ref>(self):</highlight></codeline>
<codeline lineno="37"><highlight class="normal"><sp/><sp/><sp/><sp/><sp/><sp/><sp/><sp/>leftImage<sp/>=<sp/>self.originalImage[0:self.img_height,<sp/>0:self.img_width]</highlight></codeline>
<codeline lineno="38"><highlight class="normal"><sp/><sp/><sp/><sp/><sp/><sp/><sp/><sp/>rightImage<sp/>=<sp/>self.originalImage[0:self.img_height,<sp/>self.img_width<sp/>-<sp/>self.maskArea:self.img_width*2<sp/>-<sp/>self.maskArea]</highlight></codeline>
<codeline lineno="39"><highlight class="normal"><sp/><sp/><sp/><sp/><sp/><sp/><sp/><sp/></highlight><highlight class="keywordflow">return</highlight><highlight class="normal"><sp/>leftImage,<sp/>rightImage</highlight></codeline>
<codeline lineno="40"><highlight class="normal"></highlight></codeline>
<codeline lineno="41"><highlight class="normal"></highlight></codeline>
<codeline lineno="43" refid="namespaceimage__rw_1a4849b187732b295b535b76c34b222dd3" refkind="member"><highlight class="normal"><sp/><sp/><sp/><sp/></highlight><highlight class="keyword">def<sp/></highlight><highlight class="normal"><ref refid="namespaceimage__rw_1a4849b187732b295b535b76c34b222dd3" kindref="member">writeLeftMask</ref>(self,<sp/>leftImage):</highlight></codeline>
<codeline lineno="44"><highlight class="normal"><sp/><sp/><sp/><sp/><sp/><sp/><sp/><sp/>leftMaskArea<sp/>=<sp/>leftImage[0:self.img_height,<sp/>self.img_width<sp/>-<sp/>self.maskArea:self.img_width]<sp/></highlight></codeline>
<codeline lineno="45"><highlight class="normal"><sp/><sp/><sp/><sp/><sp/><sp/><sp/><sp/></highlight><highlight class="keywordflow">return</highlight><highlight class="normal"><sp/>leftMaskArea</highlight></codeline>
<codeline lineno="46"><highlight class="normal"><sp/><sp/><sp/><sp/><sp/><sp/><sp/><sp/></highlight></codeline>
<codeline lineno="47"><highlight class="normal"></highlight></codeline>
<codeline lineno="49" refid="namespaceimage__rw_1a2b0f6ca8697f0fe29bcf856642bedfc5" refkind="member"><highlight class="normal"><sp/><sp/><sp/><sp/></highlight><highlight class="keyword">def<sp/></highlight><highlight class="normal"><ref refid="namespaceimage__rw_1a2b0f6ca8697f0fe29bcf856642bedfc5" kindref="member">writeLeftCropped</ref><sp/>(self,<sp/>leftImage):</highlight></codeline>
<codeline lineno="50"><highlight class="normal"><sp/><sp/><sp/><sp/><sp/><sp/><sp/><sp/>leftUnmaskArea<sp/>=<sp/>leftImage[0:self.img_height,<sp/>0:self.img_width<sp/>-<sp/>self.maskArea]</highlight></codeline>
<codeline lineno="51"><highlight class="normal"><sp/><sp/><sp/><sp/><sp/><sp/><sp/><sp/></highlight><highlight class="keywordflow">return</highlight><highlight class="normal"><sp/>leftUnmaskArea</highlight></codeline>
<codeline lineno="52"><highlight class="normal"></highlight></codeline>
<codeline lineno="53"><highlight class="normal"></highlight></codeline>
<codeline lineno="55" refid="namespaceimage__rw_1a5779dcf65a6aaaf08b1fd0c5bc65644e" refkind="member"><highlight class="normal"><sp/><sp/><sp/><sp/></highlight><highlight class="keyword">def<sp/></highlight><highlight class="normal"><ref refid="namespaceimage__rw_1a5779dcf65a6aaaf08b1fd0c5bc65644e" kindref="member">writeRightMask</ref>(self,<sp/>rightImage):</highlight></codeline>
<codeline lineno="56"><highlight class="normal"><sp/><sp/><sp/><sp/><sp/><sp/><sp/><sp/>rightMaskArea<sp/>=<sp/>rightImage[0:self.img_height,<sp/>0:self.maskArea]</highlight></codeline>
<codeline lineno="57"><highlight class="normal"><sp/><sp/><sp/><sp/><sp/><sp/><sp/><sp/></highlight><highlight class="keywordflow">return</highlight><highlight class="normal"><sp/>rightMaskArea</highlight></codeline>
<codeline lineno="58"><highlight class="normal"></highlight></codeline>
<codeline lineno="59"><highlight class="normal"></highlight></codeline>
<codeline lineno="61" refid="namespaceimage__rw_1ac4672f2acd58fd1c906dddeb6589e9d0" refkind="member"><highlight class="normal"><sp/><sp/><sp/><sp/></highlight><highlight class="keyword">def<sp/></highlight><highlight class="normal"><ref refid="namespaceimage__rw_1ac4672f2acd58fd1c906dddeb6589e9d0" kindref="member">writeRightCropped</ref>(self,<sp/>rightImage):</highlight></codeline>
<codeline lineno="62"><highlight class="normal"><sp/><sp/><sp/><sp/><sp/><sp/><sp/><sp/>rightUnmaskArea<sp/>=<sp/>rightImage[0:self.img_height,<sp/>self.maskArea:self.img_width]</highlight></codeline>
<codeline lineno="63"><highlight class="normal"><sp/><sp/><sp/><sp/><sp/><sp/><sp/><sp/></highlight><highlight class="keywordflow">return</highlight><highlight class="normal"><sp/>rightUnmaskArea</highlight></codeline>
<codeline lineno="64"><highlight class="normal"></highlight></codeline>
<codeline lineno="65"><highlight class="normal"></highlight></codeline>
<codeline lineno="67" refid="namespaceimage__rw_1ab233309fe856ef22ae1aa4a143eb8278" refkind="member"><highlight class="normal"><sp/><sp/><sp/><sp/></highlight><highlight class="keyword">def<sp/></highlight><highlight class="normal"><ref refid="namespaceimage__rw_1ab233309fe856ef22ae1aa4a143eb8278" kindref="member">gammaCorrectLeft</ref>(self,<sp/>leftMaskArea):</highlight></codeline>
<codeline lineno="68"><highlight class="normal"><sp/><sp/><sp/><sp/><sp/><sp/><sp/><sp/>maskLeft<sp/>=<sp/>np.tile(np.linspace(1,<sp/>0,<sp/>self.maskArea),<sp/>(self.img_height,<sp/>1))</highlight></codeline>
<codeline lineno="69"><highlight class="normal"><sp/><sp/><sp/><sp/><sp/><sp/><sp/><sp/>maskLeft<sp/>=<sp/>maskLeft<sp/>**<sp/>(1/self.gammaRate)</highlight></codeline>
<codeline lineno="70"><highlight class="normal"><sp/><sp/><sp/><sp/><sp/><sp/><sp/><sp/>maskLeft<sp/>=<sp/>cv2.merge([maskLeft,<sp/>maskLeft,<sp/>maskLeft])</highlight></codeline>
<codeline lineno="71"><highlight class="normal"><sp/><sp/><sp/><sp/><sp/><sp/><sp/><sp/>maskLeft<sp/>=<sp/>np.uint8(leftMaskArea<sp/>*<sp/>maskLeft)</highlight></codeline>
<codeline lineno="72"><highlight class="normal"><sp/><sp/><sp/><sp/><sp/><sp/><sp/><sp/>maskLeft<sp/>=<sp/>np.clip((maskLeft),<sp/>0,<sp/>255)</highlight></codeline>
<codeline lineno="73"><highlight class="normal"><sp/><sp/><sp/><sp/><sp/><sp/><sp/><sp/></highlight><highlight class="keywordflow">return</highlight><highlight class="normal"><sp/>maskLeft</highlight></codeline>
<codeline lineno="74"><highlight class="normal"></highlight></codeline>
<codeline lineno="75"><highlight class="normal"></highlight></codeline>
<codeline lineno="77" refid="namespaceimage__rw_1a73ecd3f8380f6de6ac88b92432f87399" refkind="member"><highlight class="normal"><sp/><sp/><sp/><sp/></highlight><highlight class="keyword">def<sp/></highlight><highlight class="normal"><ref refid="namespaceimage__rw_1a73ecd3f8380f6de6ac88b92432f87399" kindref="member">gammaCorrectRight</ref>(self,<sp/>rightMaskArea):</highlight></codeline>
<codeline lineno="78"><highlight class="normal"><sp/><sp/><sp/><sp/><sp/><sp/><sp/><sp/>maskRight<sp/>=<sp/>np.tile(np.linspace(0,<sp/>1,<sp/>self.maskArea),<sp/>(self.img_height,<sp/>1))</highlight></codeline>
<codeline lineno="79"><highlight class="normal"><sp/><sp/><sp/><sp/><sp/><sp/><sp/><sp/>maskRight<sp/>=<sp/>maskRight<sp/>**<sp/>(1/self.gammaRate)</highlight></codeline>
<codeline lineno="80"><highlight class="normal"><sp/><sp/><sp/><sp/><sp/><sp/><sp/><sp/>maskRight<sp/>=<sp/>cv2.merge([maskRight,<sp/>maskRight,<sp/>maskRight])</highlight></codeline>
<codeline lineno="81"><highlight class="normal"><sp/><sp/><sp/><sp/><sp/><sp/><sp/><sp/>maskRight<sp/>=<sp/>np.uint8(rightMaskArea<sp/>*<sp/>maskRight)</highlight></codeline>
<codeline lineno="82"><highlight class="normal"><sp/><sp/><sp/><sp/><sp/><sp/><sp/><sp/>maskRight<sp/>=<sp/>np.clip((maskRight),<sp/>0,<sp/>255)</highlight></codeline>
<codeline lineno="83"><highlight class="normal"><sp/><sp/><sp/><sp/><sp/><sp/><sp/><sp/></highlight><highlight class="keywordflow">return</highlight><highlight class="normal"><sp/>maskRight</highlight></codeline>
<codeline lineno="84"><highlight class="normal"></highlight></codeline>
<codeline lineno="86" refid="namespaceimage__rw_1aa2c76bea77bec61419f9acdfc43481ac" refkind="member"><highlight class="normal"><sp/><sp/><sp/><sp/></highlight><highlight class="keyword">def<sp/></highlight><highlight class="normal"><ref refid="namespaceimage__rw_1aa2c76bea77bec61419f9acdfc43481ac" kindref="member">writeFinalImage</ref>(self,<sp/>image,<sp/>filename):</highlight></codeline>
<codeline lineno="87"><highlight class="normal"><sp/><sp/><sp/><sp/><sp/><sp/><sp/><sp/>cv2.imwrite(filename,<sp/>image)</highlight></codeline>
    </programlisting>
    <location file="image_rw.py"/>
  </compounddef>
</doxygen>
