<?xml version='1.0' encoding='UTF-8' standalone='no'?>
<doxygen xmlns:xsi="http://www.w3.org/2001/XMLSchema-instance" xsi:noNamespaceSchemaLocation="compound.xsd" version="1.8.20" xml:lang="en-US">
  <compounddef id="main__stitcher_8py" kind="file" language="Python">
    <compoundname>main_stitcher.py</compoundname>
    <innerclass refid="classmain__stitcher_1_1_main_stitcher" prot="public">main_stitcher::MainStitcher</innerclass>
    <innernamespace refid="namespacemain__stitcher">main_stitcher</innernamespace>
    <briefdescription>
    </briefdescription>
    <detaileddescription>
    </detaileddescription>
    <programlisting>
<codeline lineno="1" refid="namespacemain__stitcher" refkind="compound"><highlight class="normal"></highlight></codeline>
<codeline lineno="3"><highlight class="normal"></highlight></codeline>
<codeline lineno="4"><highlight class="normal"></highlight></codeline>
<codeline lineno="5"><highlight class="normal"></highlight></codeline>
<codeline lineno="6"><highlight class="normal"></highlight><highlight class="comment">#!/usr/bin/env<sp/>python</highlight><highlight class="normal"></highlight></codeline>
<codeline lineno="7"><highlight class="normal"></highlight><highlight class="comment">#<sp/>-*-<sp/>coding:<sp/>utf-8<sp/>-*-</highlight><highlight class="normal"></highlight></codeline>
<codeline lineno="8"><highlight class="normal"></highlight><highlight class="comment">#<sp/>˅</highlight><highlight class="normal"></highlight></codeline>
<codeline lineno="9"><highlight class="normal"></highlight></codeline>
<codeline lineno="10"><highlight class="normal"></highlight></codeline>
<codeline lineno="11"><highlight class="normal"></highlight><highlight class="keyword">import</highlight><highlight class="normal"><sp/>numpy<sp/></highlight><highlight class="keyword">as</highlight><highlight class="normal"><sp/>np</highlight></codeline>
<codeline lineno="12"><highlight class="normal"></highlight><highlight class="keyword">import</highlight><highlight class="normal"><sp/>cv2</highlight></codeline>
<codeline lineno="13"><highlight class="normal"></highlight></codeline>
<codeline lineno="14"><highlight class="normal"></highlight></codeline>
<codeline lineno="16" refid="classmain__stitcher_1_1_main_stitcher" refkind="compound"><highlight class="normal"></highlight><highlight class="keyword">class<sp/></highlight><highlight class="normal"><ref refid="classmain__stitcher_1_1_main_stitcher" kindref="compound">MainStitcher</ref>:</highlight></codeline>
<codeline lineno="17"><highlight class="normal"></highlight></codeline>
<codeline lineno="18" refid="classmain__stitcher_1_1_main_stitcher_1a96bb031e24b3811cef12d85176de0678" refkind="member"><highlight class="normal"></highlight></codeline>
<codeline lineno="20"><highlight class="normal"><sp/><sp/><sp/><sp/></highlight><highlight class="keyword">def<sp/></highlight><highlight class="normal"><ref refid="classmain__stitcher_1_1_main_stitcher_1a96bb031e24b3811cef12d85176de0678" kindref="member">stitchImage</ref>(self,<sp/>leftPart,<sp/>rightPart):</highlight></codeline>
<codeline lineno="21"><highlight class="normal"><sp/><sp/><sp/><sp/><sp/><sp/><sp/><sp/>finalImage<sp/>=<sp/>np.hstack((leftPart[:,:],<sp/>rightPart[:,:]))</highlight></codeline>
<codeline lineno="22"><highlight class="normal"><sp/><sp/><sp/><sp/><sp/><sp/><sp/><sp/></highlight><highlight class="keywordflow">return</highlight><highlight class="normal"><sp/>finalImage</highlight></codeline>
<codeline lineno="23"><highlight class="normal"></highlight></codeline>
<codeline lineno="24"><highlight class="normal"></highlight></codeline>
<codeline lineno="26" refid="namespacemain__stitcher_1a773ec2d90bc90aa1537f38dcb46ca6ba" refkind="member"><highlight class="normal"><sp/><sp/><sp/><sp/></highlight><highlight class="keyword">def<sp/></highlight><highlight class="normal"><ref refid="namespacemain__stitcher_1a773ec2d90bc90aa1537f38dcb46ca6ba" kindref="member">Display</ref>(self,<sp/>finalLeft,<sp/>finalRight):</highlight></codeline>
<codeline lineno="27"><highlight class="normal"><sp/><sp/><sp/><sp/><sp/><sp/><sp/><sp/>cv2.imshow(</highlight><highlight class="stringliteral">&quot;Masked<sp/>Left&quot;</highlight><highlight class="normal">,<sp/>finalLeft)</highlight></codeline>
<codeline lineno="28"><highlight class="normal"><sp/><sp/><sp/><sp/><sp/><sp/><sp/><sp/>cv2.imshow(</highlight><highlight class="stringliteral">&quot;Masked<sp/>Right&quot;</highlight><highlight class="normal">,<sp/>finalRight)</highlight></codeline>
<codeline lineno="29"><highlight class="normal"><sp/><sp/><sp/><sp/><sp/><sp/><sp/><sp/>cv2.waitKey(0)</highlight></codeline>
<codeline lineno="30"><highlight class="normal"><sp/><sp/><sp/><sp/><sp/><sp/><sp/><sp/>cv2.destroyAllWindows()</highlight></codeline>
    </programlisting>
    <location file="main_stitcher.py"/>
  </compounddef>
</doxygen>
